{"PdDistrict":["TENDERLOIN","TARAVAL","SOUTHERN","RICHMOND","PARK","NORTHERN","MISSION","INGLESIDE","CENTRAL","BAYVIEW"],"Total":[26,161,117,87,130,184,253,395,107,244],"X":[-122.411831206562,-122.477037869232,-122.404236992265,-122.463741116102,-122.444429277415,-122.42776894692,-122.419793408319,-122.427457950411,-122.412137179367,-122.395578772577],"Y":[37.7846187258086,37.7389517799324,37.7791673599844,37.7813363143023,37.770373536211,37.787406927508,37.7589558145042,37.7289335894272,37.7946096688156,37.7356669537836]}
